Book Id,Title,Author,Author l-f,Additional Authors,ISBN,ISBN13,My Rating,Average Rating,Publisher,Binding,Number of Pages,Year Published,Original Publication Year,Date Read,Date Added,Bookshelves,Bookshelves with positions,Exclusive Shelf,My Review,Spoiler,Private Notes,Read Count,Owned Copies
60879779,"Everyone in My Family Has Killed Someone (Ernest Cunningham, #1)",Benjamin   Stevenson,"Stevenson, Benjamin",,"=""0063279029""","=""9780063279025""",2,3.79,Mariner Books,Hardcover,371,2023,2022,2024/08/19,2024/08/08,,,read,Could not tell you a single plot detail ,,,1,0
200982383,"Five Broken Blades (The Broken Blades, #1)",Mai Corland,"Corland, Mai",,"=""1649376901""","=""9781649376909""",0,3.85,Entangled: Red Tower Books,Hardcover,474,2024,2024,,2024/08/15,currently-reading,currently-reading (#3),currently-reading,,,,1,0
40916679,"A Good Girl's Guide to Murder (A Good Girl's Guide to Murder, #1)",Holly  Jackson,"Jackson, Holly",,"=""1405293187""","=""9781405293181""",4,4.32,Electric Monkey,Paperback,433,2019,2019,2024/08/08,2024/08/08,,,read,,,,1,0
199116301,"A Talent for Murder (Henry Kimball/Lily Kintner, #3)",Peter  Swanson,"Swanson, Peter",,"=""0063205033""","=""9780063205031""",3,3.61,William Morrow,Hardcover,255,2024,2024,2024/07/30,2024/07/28,,,read,,,,1,0
126918202,Diavola,Jennifer Marie Thorne,"Thorne, Jennifer Marie",,"=""""","=""""",5,3.95,Tor Nightfire,Kindle Edition,296,2024,2024,2024/07/28,2024/07/28,,,read,,,,1,0
60321515,The Other Side of Night,Adam Hamdy,"Hamdy, Adam",,"=""1982196181""","=""9781982196189""",0,3.52,Atria Books,Hardcover,304,2022,2022,,2024/05/03,to-read,to-read (#97),to-read,,,,1,0
57010080,Lute,Jennifer Marie Thorne,"Thorne, Jennifer Marie",,"=""125082608X""","=""9781250826084""",0,3.62,Tor Nightfire,Hardcover,274,2022,2022,,2024/07/28,to-read,to-read (#96),to-read,,,,0,0
212127083,"Quicksilver (Fae & Alchemy, #1)",Callie Hart,"Hart, Callie",,"=""""","=""""",0,4.47,Counterattack Publishing,ebook,588,2024,2024,,2024/07/21,to-read,to-read (#95),to-read,,,,0,0
181344829,Bride,Ali Hazelwood,"Hazelwood, Ali",,"=""""","=""""",3,4.04,Berkley,Kindle Edition,410,2024,2024,2024/07/21,2024/07/14,,,read,,,,1,0
199798953,One Perfect Couple,Ruth Ware,"Ware, Ruth",,"=""1668025590""","=""9781668025598""",4,3.69,Scout Press,Hardcover,385,2024,2024,2024/07/14,2024/07/14,,,read,,,,1,0
65650229,Wellness,Nathan  Hill,"Hill, Nathan",,"=""0593536118""","=""9780593536117""",0,4.00,Knopf,Hardcover,611,2023,2023,,2024/07/08,currently-reading,currently-reading (#2),currently-reading,,,,1,0
157062582,"The Mystery Guest (Molly the Maid, #2)",Nita Prose,"Prose, Nita",,"=""0593356187""","=""9780593356180""",2,3.83,Ballantine Books,Hardcover,293,2023,2023,2024/07/03,2024/06/15,,,read,,,,1,0
198824732,"Spookily Yours (Witches of Pleasant Grove, #1)",Jennifer Chipman,"Chipman, Jennifer",,"=""""","=""""",0,3.51,,Kindle Edition,246,2023,2023,,2024/06/30,to-read,to-read (#94),to-read,,,,0,0
76715522,"Kingdom of Ash (Throne of Glass, #7)",Sarah J. Maas,"Maas, Sarah J.",,"=""1639731067""","=""9781639731060""",4,4.70,Bloomsbury Publishing,Hardcover,984,2023,2018,2024/06/23,2024/06/15,,,read,,,,1,0
52867387,Beach Read,Emily Henry,"Henry, Emily",,"=""""","=""""",5,4.00,Berkley,Paperback,361,2020,2020,2024/06/19,2022/03/02,,,read,,,,1,0
76714487,"Tower of Dawn (Throne of Glass, #6)",Sarah J. Maas,"Maas, Sarah J.",,"=""1639731040""","=""9781639731046""",4,4.27,Bloomsbury Publishing,Hardcover,663,2023,2017,2024/06/03,2024/06/02,,,read,,,,1,0
76713323,"Empire of Storms (Throne of Glass, #5)",Sarah J. Maas,"Maas, Sarah J.",,"=""1639731024""","=""9781639731022""",4,4.63,Bloomsbury Publishing,Hardcover,693,2023,2016,2024/06/03,2024/06/02,,,read,,,,1,0
59811242,The Stars Did Wander Darkling,Colin Meloy,"Meloy, Colin",,"=""006301551X""","=""9780063015517""",0,3.70,Balzer + Bray,Hardcover,336,2022,2022,,2024/05/25,to-read,to-read (#93),to-read,,,,0,0
32075854,"Magpie Murders (Susan Ryeland, #1)",Anthony Horowitz,"Horowitz, Anthony",,"=""0062645226""","=""9780062645227""",0,3.95,Harper,Hardcover,477,2017,2016,,2024/05/25,to-read,to-read (#92),to-read,,,,0,0
76707900,"Queen of Shadows (Throne of Glass, #4)",Sarah J. Maas,"Maas, Sarah J.",,"=""1639731008""","=""9781639731008""",5,4.61,Bloomsbury Publishing,Hardcover,648,2023,2015,2024/05/14,2024/05/03,,,read,,,,1,0
25935854,The Seventh Bride,T. Kingfisher,"Kingfisher, T.",,"=""150394767X""","=""9781503947672""",3,3.93,47North,Kindle Edition,237,2015,2014,2024/05/11,2024/05/11,,,read,,,,1,0
60784305,Untethered Sky,Fonda Lee,"Lee, Fonda",,"=""1250842468""","=""9781250842466""",0,3.89,Tordotcom,Hardcover,150,2023,2023,,2024/05/03,to-read,to-read (#91),to-read,,,,0,0
127279000,Listen for the Lie,Amy Tintera,"Tintera, Amy",,"=""1250880319""","=""9781250880314""",3,4.13,Celadon Books,Hardcover,336,2024,2024,2024/05/03,2024/04/25,,,read,,,,1,0
126062562,"The Assassin's Blade (Throne of Glass, #0.1-0.5)",Sarah J. Maas,"Maas, Sarah J.",,"=""1619632217""","=""9781619632219""",0,4.22,Bloomsbury Children’s Books,ebook,451,2023,2014,,2024/04/30,to-read,to-read (#90),to-read,,,,1,0
76706470,"Heir of Fire (Throne of Glass, #3)",Sarah J. Maas,"Maas, Sarah J.",,"=""""","=""""",5,4.46,Bloomsbury USA Childrens,Hardcover,576,2023,2014,2024/04/25,2024/04/25,,,read,,,,1,0
76705490,"Crown of Midnight (Throne of Glass, #2)",Sarah J. Maas,"Maas, Sarah J.",,"=""1639730966""","=""9781639730964""",4,4.36,Bloomsbury Publishing,Hardcover,420,2023,2013,2024/04/07,2024/03/26,,,read,,,,1,0
176451879,"Kill for Me, Kill for You",Steve Cavanagh,"Cavanagh, Steve",,"=""1668049341""","=""9781668049341""",3,4.20,Atria Books,Hardcover,340,2024,2023,2024/04/07,2024/03/26,,,read,,,,1,0
100183621,The Unmaking of June Farrow,Adrienne Young,"Young, Adrienne",,"=""0593598687""","=""9780593598689""",5,4.17,Dell,Kindle Edition,321,2023,2023,2024/02/22,2024/02/15,god-tier,god-tier (#6),read,,,,2,0
34076952,"The Language of Thorns: Midnight Tales and Dangerous Magic (Grishaverse, #0.5, 2.5, 2.6)",Leigh Bardugo,"Bardugo, Leigh",Sara Kipin,"=""125012252X""","=""9781250122520""",0,4.29,Imprint,Hardcover,281,2017,2017,,2024/04/05,currently-reading,currently-reading (#1),currently-reading,,,,1,0
123206645,The Fury,Alex Michaelides,"Michaelides, Alex",,"=""125075898X""","=""9781250758989""",3,3.38,Celadon Books,Hardcover,298,2024,2024,2024/03/26,2024/03/26,,,read,,,,1,0
150275773,"Feather (Angels of Elysium, #1)",Olivia Wildenstein,"Wildenstein, Olivia",,"=""""","=""""",0,3.92,WildStone Publishing ,Kindle Edition,440,2020,2019,,2024/02/28,to-read,to-read (#89),to-read,,,,0,0
44012880,"Fable (The World of the Narrows, #1)",Adrienne Young,"Young, Adrienne",,"=""""","=""""",0,4.02,Wednesday Books,Hardcover,357,2020,2020,,2024/02/27,to-read,to-read (#88),to-read,,,,0,0
101124639,Bright Young Women,Jessica Knoll,"Knoll, Jessica",,"=""1501153226""","=""9781501153228""",0,4.02,S&S/ Marysue Rucci Books,Hardcover,384,2023,2023,,2023/12/06,to-read,to-read (#87),to-read,,,,0,0
123027751,"Six Scorched Roses (Crowns of Nyaxia, #1.5)",Carissa Broadbent,"Broadbent, Carissa",,"=""""","=""""",3,4.26,,Kindle Edition,187,2023,2023,2024/02/27,2024/02/26,,,read,,,,1,0
53137893,The Wife Upstairs,Rachel Hawkins,"Hawkins, Rachel",,"=""1250245494""","=""9781250245496""",3,3.74,St. Martin's Press,Hardcover,290,2021,2021,2024/02/26,2024/02/22,,,read,,,,1,0
164444179,First Lie Wins,Ashley Elston,"Elston, Ashley",,"=""0593492919""","=""9780593492918""",0,4.05,Pamela Dorman Books,Hardcover,340,2024,2024,2024/02/15,2024/02/15,,,read,,,,1,0
52857700,"House of Flame and Shadow (Crescent City, #3)",Sarah J. Maas,"Maas, Sarah J.",,"=""1681193094""","=""9781681193090""",5,4.21,Bloomsbury Publishing,ebook,835,2024,2024,2024/02/14,2023/08/20,,,read,,,,1,0
123429195,That's Not My Name,Megan Lally,"Lally, Megan",,"=""1728270111""","=""9781728270111""",3,4.12,Sourcebooks Fire,Paperback,297,2023,2023,2024/02/11,2024/02/05,,,read,,,,1,0
50659468,"A Court of Mist and Fury (A Court of Thorns and Roses, #2)",Sarah J. Maas,"Maas, Sarah J.",,"=""1635575583""","=""9781635575583""",5,4.65,Bloomsbury Publishing,Paperback,626,2020,2016,2023/01/12,2023/01/07,god-tier,god-tier (#5),read,,,,2,0
63133205,The Woman in Me,Britney Spears,"Spears, Britney",,"=""1668009048""","=""9781668009048""",0,3.86,Gallery Books,Hardcover,288,2023,2023,2024/01/17,2024/01/05,,,read,,,,1,0
58416952,"The Will of the Many (Hierarchy, #1)",James  Islington,"Islington, James",,"=""""","=""""",0,4.63,Gallery / Saga Press,Kindle Edition,639,2023,2023,,2024/01/10,to-read,to-read (#86),to-read,,,,0,0
50659467,"A Court of Thorns and Roses (A Court of Thorns and Roses, #1)",Sarah J. Maas,"Maas, Sarah J.",,"=""1635575567""","=""9781635575569""",5,4.19,Bloomsbury Publishing,Paperback,419,2020,2015,2023/01/02,2023/01/02,,,read,,,,2,0
34466958,Bullshit Jobs: A Theory,David Graeber,"Graeber, David",,"=""150114331X""","=""9781501143311""",0,4.03,Simon & Schuster,Hardcover,335,2018,2018,,2023/02/23,to-read,to-read (#85),to-read,,,,0,0
59364173,I'm Glad My Mom Died,Jennette McCurdy,"McCurdy, Jennette",,"=""""","=""""",5,4.46,Simon & Schuster,ebook,320,2022,2022,2024/01/02,2023/12/31,,,read,,,,1,0
13235686,Active Hope: How to Face the Mess We're in without Going Crazy,Joanna Macy,"Macy, Joanna",Chris Johnstone,"=""1577319729""","=""9781577319726""",5,4.11,New World Library,Paperback,272,2012,2012,2023/12/31,2023/10/18,,,read,,,,1,0
50659471,"A Court of Frost and Starlight (A Court of Thorns and Roses, #3.5)",Sarah J. Maas,"Maas, Sarah J.",,"=""1635575621""","=""9781635575620""",2,3.75,Bloomsbury Publishing,Paperback,232,2020,2018,2023/12/23,2023/12/23,,,read,,,,1,0
61431922,"Fourth Wing (The Empyrean, #1)",Rebecca Yarros,"Yarros, Rebecca",,"=""1649374046""","=""9781649374042""",4,4.58,Entangled: Red Tower Books,Hardcover,517,2023,2023,2023/12/21,2023/12/18,,,read,,,,1,0
101145752,The Other Mothers,Katherine Faulkner,"Faulkner, Katherine",,"=""1668024780""","=""9781668024782""",4,3.84,Gallery Books,Hardcover,384,2023,2023,2023/12/20,2023/12/10,,,read,,,,1,0
123471760,"Spark of the Everflame (Kindred's Curse, #1)",Penn Cole,"Cole, Penn",,"=""""","=""""",0,4.23,,Kindle Edition,438,2023,2023,,2023/12/17,to-read,to-read (#84),to-read,,,,0,0
63214317,"Flame and Sparrow (Flame and Sparrow Duology, #1)",S.M. Gaither,"Gaither, S.M.",,"=""""","=""""",0,4.09,,Kindle Edition,662,2023,2023,,2023/12/17,to-read,to-read (#83),to-read,,,,0,0
58517116,Blood Sugar,Sascha Rothchild,"Rothchild, Sascha",,"=""0593331540""","=""9780593331545""",5,3.88,G.P. Putnam's Sons,Hardcover,336,2022,2022,2023/12/12,2023/12/11,,,read,,,,1,0
36479694,The Future,Neil Hilborn,"Hilborn, Neil",,"=""194373531X""","=""9781943735310""",0,4.23,Button Poetry,Paperback,96,2018,2018,,2023/12/11,to-read,to-read (#82),to-read,,,,0,0
43795562,One for My Enemy,Olivie Blake,"Blake, Olivie",Little Chmura,"=""""","=""""",3,3.76,,Kindle Edition,427,2019,2019,2023/12/10,2023/11/30,,,read,,,,1,0
55881796,Crossroads,Jonathan Franzen,"Franzen, Jonathan",,"=""0374181179""","=""9780374181178""",0,4.06,"Farrar, Straus and Giroux",Hardcover,592,2021,2021,,2023/12/09,to-read,to-read (#81),to-read,,,,0,0
123423832,The Coworker,Freida McFadden,"McFadden, Freida",,"=""172829620X""","=""9781728296203""",3,3.79,Poisoned Pen Press,Paperback,362,2023,2023,2023/12/08,2023/12/08,,,read,,,,1,0
51704136,Little Fires Everywhere,Celeste Ng,"Ng, Celeste",,"=""0143135163""","=""9780143135166""",4,4.08,Penguin Books,Paperback,368,2020,2017,,2021/04/09,2021,2021 (#23),read,,,,1,0
42779092,The Chain,Adrian McKinty,"McKinty, Adrian",,"=""031653126X""","=""9780316531269""",0,3.79,Mulholland Books,Hardcover,357,2019,2019,2023/11/30,2023/11/30,,,read,,,,1,0
60784546,"Divine Rivals (Letters of Enchantment, #1)",Rebecca   Ross,"Ross, Rebecca",,"=""1250857430""","=""9781250857439""",4,4.20,Wednesday Books,Hardcover,357,2023,2023,2023/11/14,2023/11/07,,,read,,,,1,0
62685463,The Only One Left,Riley Sager,"Sager, Riley",,"=""""","=""""",3,4.14,Dutton,Kindle Edition,398,2023,2023,2023/11/07,2023/04/08,,,read,,,,1,0
127280062,"Ruthless Vows (Letters of Enchantment, #2)",Rebecca   Ross,"Ross, Rebecca",,"=""1250857457""","=""9781250857453""",0,4.06,Wednesday Books,Hardcover,432,2023,2023,,2023/11/07,to-read,to-read (#80),to-read,,,,0,0
68428,"The Final Empire (Mistborn, #1)",Brandon Sanderson,"Sanderson, Brandon",,"=""""","=""9780765311788""",0,4.48,Tor Books,Hardcover,541,2006,2006,,2023/11/06,to-read,to-read (#79),to-read,,,,0,0
63910262,"Two Twisted Crowns (The Shepherd King, #2)",Rachel Gillig,"Gillig, Rachel",,"=""0356519503""","=""9780356519500""",5,4.44,Orbit,Paperback,437,2023,2023,2023/11/03,2023/10/18,,,read,,,,1,0
59603040,The Opportunist,Elyse Friedman,"Friedman, Elyse",,"=""""","=""""",3,3.69,MIRA,Kindle Edition,336,2022,2022,2023/02/24,2023/02/22,,,read,,,,1,0
58340706,"One Dark Window (The Shepherd King, #1)",Rachel Gillig,"Gillig, Rachel",,"=""0316312487""","=""9780316312486""",5,4.30,Orbit,Paperback,399,2022,2022,2023/10/18,2023/10/18,,,read,,,,1,0
55987278,"Once Upon a Broken Heart (Once Upon a Broken Heart, #1)",Stephanie Garber,"Garber, Stephanie",,"=""1250268397""","=""9781250268396""",3,4.06,Flatiron Books,Hardcover,408,2021,2021,2023/10/10,2023/10/06,,,read,,,,1,0
83668030,Good Bad Girl,Alice Feeney,"Feeney, Alice",,"=""1250843960""","=""9781250843968""",2,3.66,Flatiron Books,Hardcover,306,2023,2023,2023/10/06,2023/10/06,,,read,,,,1,0
62335396,"The Ashes & the Star-Cursed King (Crowns of Nyaxia, #2)",Carissa Broadbent,"Broadbent, Carissa",,"=""""","=""""",5,4.14,,Kindle Edition,665,2023,2023,2023/09/26,2023/08/28,,,read,,,,1,0
62292411,Just Another Missing Person,Gillian McAllister,"McAllister, Gillian",,"=""0063252392""","=""9780063252394""",3,3.66,William Morrow,Hardcover,377,2023,2023,2023/09/16,2023/09/16,,,read,,,,1,0
30969741,An Enchantment of Ravens,Margaret  Rogerson,"Rogerson, Margaret",,"=""1481497588""","=""9781481497589""",3,3.65,Margaret K. McElderry Books,Hardcover,304,2017,2017,2023/09/11,2023/09/06,,,read,,,,1,0
61812425,Paris: The Memoir,Paris Hilton,"Hilton, Paris",,"=""0063224623""","=""9780063224629""",5,4.22,Dey Street Books,Hardcover,336,2023,2023,2023/09/08,2023/09/08,,,read,,,,1,0
50249804,Sacred Cow: The Case for (Better) Meat: Why Well-Raised Meat Is Good for You and Good for the Planet,Diana Rodgers,"Rodgers, Diana",Robb Wolf,"=""1950665119""","=""""",4,4.28,BenBella Books,Kindle Edition,320,2020,2020,2023/09/06,2023/08/25,,,read,,,,1,0
60714999,"The Serpent and the Wings of Night (Crowns of Nyaxia, #1)",Carissa Broadbent,"Broadbent, Carissa",,"=""""","=""""",5,4.32,Independently Published,Kindle Edition,504,2022,2022,2023/08/28,2023/08/25,,,read,,,,1,0
60784412,Looking Glass Sound,Catriona Ward,"Ward, Catriona",,"=""1250860024""","=""9781250860026""",3,3.49,Tor Nightfire,Hardcover,342,2023,2023,2023/08/23,2023/08/19,,,read,,,,1,0
50892338,"Legendborn (The Legendborn Cycle, #1)",Tracy Deonn,"Deonn, Tracy",,"=""1534441603""","=""9781534441606""",0,4.34,Margaret K. McElderry Books,Hardcover,502,2020,2020,,2023/08/23,to-read,to-read (#78),to-read,,,,0,0
58999055,A Far Wilder Magic,Allison Saft,"Saft, Allison",,"=""""","=""""",4,3.85,Wednesday Books,Kindle Edition,400,2022,2022,2023/08/21,2023/03/04,,,read,,,,1,0
123195206,A Dark and Drowning Tide,Allison Saft,"Saft, Allison",,"=""""","=""9780593722350""",0,3.96,Del Rey,ebook,368,2024,2024,,2023/08/21,to-read,to-read (#77),to-read,,,,0,0
63361489,Down Comes the Night,Allison Saft,"Saft, Allison",,"=""1250289858""","=""9781250289858""",0,3.78,Wednesday Books,Paperback,400,2023,2021,,2023/08/21,to-read,to-read (#76),to-read,,,,0,0
43189874,"Well Met (Well Met, #1)",Jen DeLuca,"DeLuca, Jen",,"=""""","=""""",0,3.83,Berkley,Kindle Edition,335,2019,2019,,2022/01/03,to-read,to-read (#75),to-read,,,,0,0
7896527,"Throne of Glass (Throne of Glass, #1)",Sarah J. Maas,"Maas, Sarah J.",,"=""""","=""""",3,4.18,Bloomsbury USA Children's,Hardcover,406,2012,2012,2023/08/19,2022/09/27,,,read,,,,1,0
8143909,Foster,Claire Keegan,"Keegan, Claire",,"=""0571255655""","=""9780571255658""",0,4.33,Faber & Faber,Paperback,89,2010,2010,,2023/08/16,to-read,to-read (#74),to-read,,,,0,0
62874245,The Drowning Woman,Robyn Harding,"Harding, Robyn",,"=""1538726769""","=""9781538726761""",4,4.07,Grand Central Publishing,Hardcover,336,2023,2023,2023/08/02,2023/08/02,,,read,,,,1,0
62919765,Zero Days,Ruth Ware,"Ware, Ruth",,"=""1982155299""","=""9781982155292""",4,3.65,Scout Press,Hardcover,356,2023,2023,2023/07/31,2023/07/24,,,read,,,,1,0
58664624,Ocean State,Stewart O'Nan,"O'Nan, Stewart",,"=""0802159273""","=""9780802159274""",4,3.44,Atlantic Monthly Press,Hardcover,240,2022,2022,2023/07/09,2023/07/05,,,read,,,,1,0
35297426,Then She Was Gone,Lisa Jewell,"Jewell, Lisa",,"=""1501154648""","=""9781501154645""",3,4.05,Atria Books,Paperback,359,2018,2017,2023/07/07,2023/07/07,,,read,,,,1,0
57347786,Powers and Thrones: A New History of the Middle Ages,Dan Jones,"Jones, Dan",,"=""198488087X""","=""9781984880871""",0,4.41,Viking,Hardcover,636,2021,2021,,2023/07/05,to-read,to-read (#73),to-read,,,,0,0
55276648,The Reading List,Sara Nisha Adams,"Adams, Sara Nisha",,"=""0063025280""","=""9780063025288""",0,4.07,William Morrow,Hardcover,368,2021,2021,,2023/07/05,to-read,to-read (#72),to-read,,,,0,0
62919401,The Chateau,Jaclyn Goldis,"Goldis, Jaclyn",,"=""1668013010""","=""9781668013014""",0,3.51,Atria/Emily Bestler Books,Hardcover,336,2023,2023,,2023/07/05,to-read,to-read (#71),to-read,,,,0,0
36478784,The Flatshare,Beth O'Leary,"O'Leary, Beth",,"=""1787474402""","=""9781787474406""",0,4.00,Quercus,Hardcover,394,2019,2019,,2023/07/05,to-read,to-read (#70),to-read,,,,0,0
60916172,"The Kind Worth Saving (Henry Kimball/Lily Kintner, #2)",Peter  Swanson,"Swanson, Peter",,"=""0063204983""","=""9780063204980""",4,3.69,William Morrow,Hardcover,303,2023,2023,2023/07/04,2023/07/04,,,read,,,,1,0
50485649,In My Dreams I Hold a Knife,Ashley Winstead,"Winstead, Ashley",,"=""172822988X""","=""9781728229881""",3,3.83,Sourcebooks Landmark,Hardcover,345,2021,2021,2023/06/27,2023/06/21,,,read,,,,1,0
61767163,The Last Word,Taylor  Adams,"Adams, Taylor",,"=""0063222892""","=""9780063222892""",4,3.71,William Morrow,Hardcover,340,2023,2023,2023/06/20,2023/06/20,,,read,,,,1,0
41160292,Exhalation,Ted Chiang,"Chiang, Ted",,"=""""","=""""",0,4.28,Knopf,Kindle Edition,368,2019,2019,,2023/06/14,to-read,to-read (#69),to-read,,,,0,0
59808603,The Mountain in the Sea,Ray Nayler,"Nayler, Ray",,"=""0374605955""","=""9780374605957""",0,3.93,MCD,Hardcover,456,2022,2022,,2023/06/14,to-read,to-read (#68),to-read,,,,0,0
59793324,Life Ceremony,Sayaka Murata,"Murata, Sayaka",Ginny Tapley Takemori,"=""0802159583""","=""9780802159588""",0,3.75,Grove Press,Hardcover,256,2022,2019,,2023/06/14,to-read,to-read (#67),to-read,,,,0,0
53138095,"A ​Court of Silver Flames (A Court of Thorns and Roses, #4)",Sarah J. Maas,"Maas, Sarah J.",,"=""168119628X""","=""9781681196282""",4,4.47,Bloomsbury Publishing,Hardcover,757,2021,2021,2023/06/14,2023/06/05,,,read,,,,1,0
13588356,"Daring Greatly: How the Courage to Be Vulnerable Transforms the Way We Live, Love, Parent, and Lead",Brené Brown,"Brown, Brené",,"=""1592407331""","=""9781592407330""",2,4.29,Avery,Hardcover,287,2012,2012,2023/06/13,2023/06/05,,,read,,,,1,0
63876551,On Our Best Behavior: The Seven Deadly Sins and the Price Women Pay to Be Good,Elise Loehnen,"Loehnen, Elise",,"=""059324303X""","=""9780593243039""",0,3.81,The Dial Press,Hardcover,384,2023,2023,,2023/06/12,to-read,to-read (#66),to-read,,,,0,0
60435878,Carrie Soto Is Back,Taylor Jenkins Reid,"Reid, Taylor Jenkins",,"=""0593158687""","=""9780593158685""",5,4.21,Ballantine Books,Hardcover,384,2022,2022,2023/05/30,2022/08/12,,,read,,,,1,0
43126457,Trick Mirror: Reflections on Self-Delusion,Jia Tolentino,"Tolentino, Jia",,"=""0525510540""","=""9780525510543""",0,4.04,Random House,Hardcover,303,2019,2019,,2022/03/30,to-read,to-read (#65),to-read,,,,0,0
18693771,"The Body Keeps the Score: Brain, Mind, and Body in the Healing of Trauma",Bessel van der Kolk,"Kolk, Bessel van der",,"=""0670785938""","=""9780670785933""",0,4.39,Viking,Hardcover,464,2014,2014,,2022/06/26,to-read,to-read (#64),to-read,,,,0,0
57795665,The Locked Door,Freida McFadden,"McFadden, Freida",,"=""""","=""""",2,4.05,Hollywood Upstairs Press,Kindle Edition,313,2021,2021,2023/05/26,2023/05/24,,,read,,,,1,0
60913577,The Half Moon,Mary Beth Keane,"Keane, Mary Beth",,"=""1982172606""","=""9781982172602""",4,3.40,Scribner,Hardcover,304,2023,2023,2023/05/24,2023/05/22,,,read,,,,1,0
55338982,Cultish: The Language of Fanaticism,Amanda Montell,"Montell, Amanda",,"=""0062993151""","=""9780062993151""",4,3.86,Harper,Hardcover,309,2021,2021,2023/05/22,2023/05/16,,,read,,,,1,0
60784562,"Antimatter Blues (Mickey7, #2)",Edward Ashton,"Ashton, Edward",,"=""1250275059""","=""9781250275059""",3,3.95,St. Martin's Press,Hardcover,304,2023,2023,2023/05/16,2022/05/10,,,read,,,,1,0
59716,To the Lighthouse,Virginia Woolf,"Woolf, Virginia",Eudora Welty,"=""""","=""""",0,3.80,Harvest Books,Paperback,209,1989,1927,,2023/05/10,to-read,to-read (#63),to-read,,,,0,0
21936809,"The Kind Worth Killing (Henry Kimball/Lily Kintner, #1)",Peter  Swanson,"Swanson, Peter",,"=""0062267523""","=""9780062267528""",4,4.00,William Morrow,Hardcover,320,2015,2015,2023/05/08,2023/05/07,,,read,,,,1,0
54981009,The Last Thing He Told Me,Laura Dave,"Dave, Laura",,"=""""","=""""",3,3.83,Simon & Schuster,Hardcover,307,2021,2021,2023/05/07,2023/05/04,,,read,,,,1,0
49661162,Randomize,Andy Weir,"Weir, Andy",,"=""""","=""""",0,3.53,Amazon Original Stories,Kindle Edition,28,2019,2019,,2023/04/27,to-read,to-read (#62),to-read,,,,0,0
62848145,"The Housemaid's Secret (The Housemaid, #2)",Freida McFadden,"McFadden, Freida",,"=""1837901317""","=""9781837901319""",0,4.25,Bookouture,Kindle Edition,318,2023,2023,2023/04/27,2023/04/27,,,read,,,,1,0
40874032,"Vicious (Villains, #1)",Victoria Schwab,"Schwab, Victoria",,"=""""","=""""",3,4.21,Tor Books,Kindle Edition,402,2013,2013,2023/04/18,2022/03/07,,,read,,,,1,0
58340727,The Island,Adrian McKinty,"McKinty, Adrian",,"=""0316531286""","=""9780316531283""",4,3.77,"Little, Brown and Company",Hardcover,375,2022,2022,2023/04/21,2023/04/21,,,read,,,,1,0
59947696,Wrong Place Wrong Time,Gillian McAllister,"McAllister, Gillian",,"=""0063252341""","=""9780063252349""",4,4.00,William Morrow,Hardcover,416,2022,2022,2023/04/04,2023/01/02,,,read,,,,1,0
52320705,Who Is Maud Dixon?,Alexandra  Andrews,"Andrews, Alexandra",,"=""0316500313""","=""9780316500319""",5,3.83,"Little, Brown And Company",Hardcover,324,2021,2021,2023/03/31,2023/03/27,,,read,,,,1,0
60556912,"The Housemaid (The Housemaid, #1)",Freida McFadden,"McFadden, Freida",,"=""""","=""""",5,4.32,Bookouture,Kindle Edition,329,2022,2022,2023/03/27,2023/03/27,,,read,,,,1,0
59808050,Daisy Darker,Alice Feeney,"Feeney, Alice",,"=""1250843936""","=""9781250843937""",3,3.77,Flatiron Books,Hardcover,338,2022,2022,2023/03/24,2023/03/24,,,read,,,,1,0
45885495,His & Hers,Alice Feeney,"Feeney, Alice",,"=""1250266076""","=""9781250266071""",0,4.08,Flatiron Books,Hardcover,304,2020,2020,,2023/01/24,to-read,to-read (#61),to-read,,,,0,0
52656911,The Guest List,Lucy Foley,"Foley, Lucy",,"=""""","=""""",3,3.81,William Morrow,Kindle Edition,319,2020,2020,,2023/03/15,,,read,,,,1,0
56238004,The Good Lie,A.R. Torre,"Torre, A.R.",,"=""1542020174""","=""9781542020176""",4,4.13,Thomas & Mercer,Kindle Edition,257,2021,2021,2023/03/10,2023/03/10,,,read,,,,1,0
60652997,"Hell Bent (Alex Stern, #2)",Leigh Bardugo,"Bardugo, Leigh",,"=""1250313104""","=""9781250313102""",5,4.13,Flatiron Books,Hardcover,481,2023,2023,2023/03/04,2023/03/01,,,read,,,,1,0
42969318,"Delicates (Sheets, #2)",Brenna Thummler,"Thummler, Brenna",,"=""""","=""""",0,4.19,Lion Forge/Caracal,Hardcover,320,2021,2021,2023/03/04,2023/02/16,,,read,,,,1,0
61273863,The Writing Retreat,Julia Bartz,"Bartz, Julia",,"=""1982199458""","=""9781982199456""",4,3.43,Atria/Emily Bestler Books,Hardcover,313,2023,2023,2023/02/16,2023/01/26,,,read,,,,1,0
59473598,Tempest in a Tea Room (Tea Time Cozy Mysteries Book 1),Summer  Prescott,"Prescott, Summer",,"=""""","=""""",2,4.00,Summer Prescott Books,Kindle Edition,111,2021,,2023/02/10,2023/02/08,,,read,,,,1,0
57693427,The Night Shift,Alex Finlay,"Finlay, Alex",,"=""1250268885""","=""9781250268884""",3,3.91,Minotaur Books,Hardcover,312,2022,2022,2023/02/09,2022/03/20,,,read,,,,1,0
38958846,"Sheets (Sheets, #1)",Brenna Thummler,"Thummler, Brenna",,"=""194130267X""","=""9781941302675""",4,3.84,Oni Press,Paperback,242,2018,2018,2023/02/08,2023/01/17,,,read,,,,1,0
61062194,Beyond the Wand: The Magic & Mayhem of Growing Up a Wizard,Tom Felton,"Felton, Tom",,"=""1538741369""","=""9781538741368""",4,4.29,Grand Central Publishing,Hardcover,288,2022,2022,2023/02/05,2023/02/02,,,read,,,,1,0
50659472,"A Court of Wings and Ruin (A Court of Thorns and Roses, #3)",Sarah J. Maas,"Maas, Sarah J.",,"=""1635575605""","=""9781635575606""",4,4.48,Bloomsbury Publishing,Paperback,703,2020,2017,2023/02/03,2023/01/24,,,read,,,,1,0
57823811,Good Rich People,Eliza Jane Brazier,"Brazier, Eliza Jane",,"=""0593198255""","=""9780593198254""",2,3.24,Berkley,Hardcover,321,2022,2022,2023/01/24,2022/03/06,,,read,,,,1,0
61272184,"Mysteries of Thorn Manor (Sorcery of Thorns, #1.5)",Margaret  Rogerson,"Rogerson, Margaret",,"=""1665935626""","=""9781665935623""",0,4.08,Margaret K. McElderry Books,ebook,192,2023,2023,,2023/01/17,to-read,to-read (#60),to-read,,,,0,0
49246963,Night of the Mannequins,Stephen Graham Jones,"Jones, Stephen Graham",,"=""1250752078""","=""9781250752079""",2,3.34,Tor.com,Paperback,136,2020,2020,2023/01/10,2023/01/07,,,read,,,,1,0
53642699,The Mountain Is You: Transforming Self-Sabotage Into Self-Mastery,Brianna Wiest,"Wiest, Brianna",,"=""""","=""""",0,4.09,Thought Catalog Books,Kindle Edition,250,2020,2020,,2023/01/02,to-read,to-read (#59),to-read,,,,0,0
7745,Fear and Loathing in Las Vegas,Hunter S. Thompson,"Thompson, Hunter S.",Ralph Steadman,"=""0679785892""","=""9780679785897""",0,4.07,Vintage Books,Paperback,204,1998,1971,,2023/01/02,to-read,to-read (#58),to-read,,,,0,0
4981,Slaughterhouse-Five,Kurt Vonnegut Jr.,"Jr., Kurt Vonnegut",,"=""0385333846""","=""9780385333849""",3,4.10,Dial Press,Paperback,275,1999,1969,2022/12/31,2022/05/08,,,read,,,,1,0
27833670,Dark Matter,Blake Crouch,"Crouch, Blake",,"=""1101904224""","=""9781101904220""",5,4.14,Ballantine Books,Hardcover,352,2016,2016,2022/07/22,2022/07/22,,,read,,,,1,0
44778083,"House of Earth and Blood (Crescent City, #1)",Sarah J. Maas,"Maas, Sarah J.",,"=""1635574048""","=""9781635574043""",5,4.48,Bloomsbury Publishing,Hardcover,803,2020,2020,2022/09/26,2022/09/12,,,read,,,,1,0
40132775,"House of Sky and Breath (Crescent City, #2)",Sarah J. Maas,"Maas, Sarah J.",,"=""1408884429""","=""9781408884423""",5,4.48,Bloomsbury Publishing,Hardcover,805,2022,2022,2022/12/14,2022/10/06,,,read,,,,1,0
56935099,"The Sanatorium (Detective Elin Warner, #1)",Sarah  Pearse,"Pearse, Sarah",,"=""0593296672""","=""9780593296677""",3,3.37,Pamela Dorman Books,Hardcover,400,2021,2020,2022/12/28,2021/09/20,,,read,,,,1,0
56269064,Rock Paper Scissors,Alice Feeney,"Feeney, Alice",,"=""1250266106""","=""9781250266101""",5,3.92,Flatiron Books,Hardcover,294,2021,2021,2022/12/28,2022/12/28,,,read,,,,1,0
59358268,Sign Here,Claudia  Lux,"Lux, Claudia",,"=""0593545761""","=""9780593545768""",3,3.80,Berkley,Hardcover,416,2022,2022,2022/12/24,2022/12/19,,,read,,,,1,0
45706883,The Other People,C.J. Tudor,"Tudor, C.J.",,"=""1984824996""","=""9781984824998""",3,3.86,Ballantine Books,Hardcover,327,2020,2020,2022/12/10,2022/09/21,,,read,,,,1,0
60095973,Ghost Eaters,Clay McLeod Chapman,"Chapman, Clay McLeod",,"=""1683692179""","=""9781683692171""",2,3.37,Quirk Books ,Hardcover,304,2022,2022,2022/10/28,2022/09/23,,,read,,,,1,0
60142750,All Good People Here,Ashley Flowers,"Flowers, Ashley",,"=""0593496477""","=""9780593496473""",0,3.84,Bantam,Hardcover,312,2022,2022,,2022/10/28,to-read,to-read (#57),to-read,,,,0,0
58829857,One of the Girls,Lucy Clarke,"Clarke, Lucy",,"=""0593422643""","=""9780593422649""",0,3.94,G.P. Putnam's Sons,Hardcover,432,2022,2022,,2022/10/28,to-read,to-read (#56),to-read,,,,0,0
19161835,Confessions,Kanae Minato,"Minato, Kanae",Stephen Snyder,"=""0316200921""","=""9780316200929""",3,3.96,Mulholland Books,Paperback,240,2014,2008,2022/10/12,2022/09/23,,,read,,,,1,0
54621094,The Last House on Needless Street,Catriona Ward,"Ward, Catriona",,"=""1788166167""","=""9781788166164""",3,3.85,Viper,Hardcover,335,2021,2021,2022/10/03,2022/10/03,,,read,,,,1,0
18652002,The Bees,Laline Paull,"Paull, Laline",,"=""0062331159""","=""9780062331151""",0,3.71,Ecco,Hardcover,340,2014,2014,,2022/09/29,to-read,to-read (#55),to-read,,,,0,0
56993994,The Manningtree Witches,A.K. Blakemore,"Blakemore, A.K.",,"=""1646220641""","=""9781646220649""",0,3.66,Catapult,Hardcover,320,2021,2021,,2022/09/28,to-read,to-read (#54),to-read,,,,0,0
23019294,A Head Full of Ghosts,Paul Tremblay,"Tremblay, Paul",,"=""0062363239""","=""9780062363237""",0,3.79,William Morrow,Hardcover,287,2015,2015,,2022/09/23,to-read,to-read (#53),to-read,,,,0,0
53387949,The Burning Girls,C.J. Tudor,"Tudor, C.J.",,"=""198482502X""","=""9781984825025""",3,4.02,Ballantine Books,Hardcover,333,2021,2021,2022/09/21,2022/09/20,,,read,,,,1,0
60235814,Run Time,Catherine Ryan Howard,"Howard, Catherine Ryan",,"=""1982694688""","=""9781982694685""",3,3.43,Blackstone Publishing,Hardcover,386,2022,2022,2022/09/16,2022/09/12,,,read,,,,1,0
57693411,In Defense of Witches: The Legacy of the Witch Hunts and Why Women Are Still on Trial,Mona Chollet,"Chollet, Mona","Sophie R. Lewis, Carmen Maria Machado","=""125027141X""","=""9781250271419""",0,4.10,St. Martin's Press,Hardcover,320,2022,2018,,2022/09/13,to-read,to-read (#52),to-read,,,,0,0
55859459,The 22 Murders of Madison May,Max Barry,"Barry, Max",,"=""0593085205""","=""9780593085202""",3,3.76,G.P. Putnam's Sons,Hardcover,336,2021,2021,2022/09/11,2022/09/08,,,read,,,,1,0
22299763,"Crooked Kingdom (Six of Crows, #2)",Leigh Bardugo,"Bardugo, Leigh",,"=""""","=""""",0,4.59,Orion Children's Books,Kindle Edition,561,2016,2016,,2022/08/11,to-read,to-read (#51),to-read,,,,0,0
57773248,Notes on an Execution,Danya Kukafka,"Kukafka, Danya",,"=""0063052733""","=""9780063052734""",5,4.07,William Morrow,Hardcover,306,2022,2022,2022/08/28,2022/08/25,,,read,,,,1,0
49203397,These Violent Delights,Micah Nemerever,"Nemerever, Micah",,"=""0062963635""","=""9780062963635""",0,3.97,Harper,Hardcover,460,2020,2020,,2022/08/17,to-read,to-read (#50),to-read,,,,0,0
36626748,The Last Time I Lied,Riley Sager,"Sager, Riley",,"=""""","=""""",2,4.03,Dutton,Kindle Edition,402,2018,2018,2022/08/17,2022/01/01,,,read,,,,1,0
56383038,Never Saw Me Coming,Vera Kurian,"Kurian, Vera",,"=""0778311554""","=""9780778311553""",3,3.62,Park Row,Hardcover,400,2021,2021,2022/08/11,2022/08/05,,,read,,,,1,0
23437156,"Six of Crows (Six of Crows, #1)",Leigh Bardugo,"Bardugo, Leigh",,"=""""","=""""",4,4.48,Henry Holt & Company,Hardcover,465,2015,2015,2022/08/11,2022/07/22,,,read,,,,1,0
59345249,The It Girl,Ruth Ware,"Ware, Ruth",,"=""1982155264""","=""9781982155261""",3,3.85,Scout Press,Hardcover,423,2022,2022,2022/07/28,2022/07/22,,,read,,,,1,0
58725025,"Ordinary Monsters (The Talents Trilogy, #1)",J.M. Miro,"Miro, J.M.",,"=""1250833663""","=""9781250833662""",0,3.79,Flatiron Books,Hardcover,672,2022,2022,,2022/07/22,to-read,to-read (#49),to-read,,,,0,0
41960011,"The Never Game (Colter Shaw, #1)",Jeffery Deaver,"Deaver, Jeffery",,"=""0525535969""","=""""",0,3.92,G.P. Putnam's Sons,Kindle Edition,413,2019,2019,,2022/07/09,to-read,to-read (#48),to-read,,,,0,0
34776609,Turn This Ship Around: Personal Growth and the Quest for a Bigger Life,Craig Pennell,"Pennell, Craig",,"=""""","=""""",0,4.00,,Kindle Edition,92,2017,,,2022/07/08,to-read,to-read (#47),to-read,,,,0,0
3228917,Outliers: The Story of Success,Malcolm Gladwell,"Gladwell, Malcolm",,"=""0316017922""","=""9780316017923""",0,4.19,"Little, Brown and Company",Hardcover,309,2008,2008,,2022/07/08,to-read,to-read (#46),to-read,,,,0,0
57693183,Sundial,Catriona Ward,"Ward, Catriona",,"=""1250812682""","=""9781250812681""",5,3.80,Tor Nightfire,Hardcover,292,2022,2022,2022/07/08,2022/03/04,,,read,,,,1,0
58690308,Book Lovers,Emily Henry,"Henry, Emily",,"=""""","=""""",3,4.13,Berkley,Hardcover,377,2022,2022,2022/07/05,2022/01/02,,,read,,,,1,0
35965482,"Middlegame (Alchemical Journeys, #1)",Seanan McGuire,"McGuire, Seanan",,"=""""","=""""",0,4.01,Tor.com Publishing,Kindle Edition,492,2019,2019,,2022/06/30,to-read,to-read (#45),to-read,,,,0,0
47212,"Storm Front (The Dresden Files, #1)",Jim Butcher,"Butcher, Jim",,"=""0451457811""","=""9780451457813""",2,3.98,Penguin ROC,Mass Market Paperback,355,2000,2000,2022/06/29,2022/05/13,,,read,,,,1,0
51918871,City of Girls,Elizabeth Gilbert,"Gilbert, Elizabeth",,"=""1594634742""","=""9781594634741""",4,4.04,Riverhead Books,Paperback,470,2020,2019,2022/06/27,2022/03/20,,,read,,,,1,0
54985743,People We Meet on Vacation,Emily Henry,"Henry, Emily",,"=""1984806750""","=""9781984806758""",4,3.87,Berkley,Paperback,364,2021,2021,2022/06/15,2022/03/02,,,read,,,,1,0
36223860,"Artificial Condition (The Murderbot Diaries, #2)",Martha Wells,"Wells, Martha",,"=""""","=""""",3,4.27,Tor.com,Hardcover,160,2018,2018,2022/05/16,2022/05/11,,,read,,,,1,0
52379865,For Your Own Good,Samantha  Downing,"Downing, Samantha",,"=""0593100972""","=""9780593100974""",3,3.79,Berkley,Hardcover,373,2021,2021,2022/05/15,2022/05/04,,,read,,,,1,0
60038316,"Mickey7 (Mickey7, #1)",Edward Ashton,"Ashton, Edward",Felix Mayer,"=""3453321723""","=""9783453321724""",4,3.75,"Wilhelm Heyne Verlag, München",Mass Market Paperback,400,2022,2022,2022/05/10,2022/04/05,,,read,,,,1,0
59089898,"The Murder of Mr. Wickham (Mr. Darcy & Miss Tilney, #1)",Claudia Gray,"Gray, Claudia",,"=""059331381X""","=""9780593313817""",0,3.69,Vintage,Paperback,386,2022,2022,,2022/05/10,to-read,to-read (#44),to-read,,,,0,0
51854625,The Devil and the Dark Water,Stuart Turton,"Turton, Stuart",,"=""1728206022""","=""9781728206028""",3,3.84,Sourcebooks Landmark,Hardcover,463,2020,2020,2022/05/03,2022/03/06,,,read,,,,1,0
36373481,The Death of Mrs. Westaway,Ruth Ware,"Ware, Ruth",,"=""1501156217""","=""9781501156212""",3,3.81,Scout Press,Hardcover,368,2018,2018,2022/04/25,2022/03/31,,,read,,,,1,0
34466492,Anatomy of a Scandal,Sarah Vaughan,"Vaughan, Sarah",,"=""1501172166""","=""9781501172168""",0,3.68,Atria/Emily Bestler Books,Hardcover,392,2018,2018,,2022/04/18,to-read,to-read (#43),to-read,,,,0,0
52582029,The Weekend Away,Sarah Alderson,"Alderson, Sarah",,"=""0008411867""","=""9780008411862""",4,3.91,Avon,Paperback,336,2021,2020,2022/04/18,2022/02/14,,,read,,,,1,0
37976541,Bad Blood: Secrets and Lies in a Silicon Valley Startup,John Carreyrou,"Carreyrou, John",,"=""""","=""""",4,4.41,Knopf,Hardcover,339,2018,2018,2022/04/17,2022/03/31,,,read,,,,1,0
57693601,Tell Me Everything: The Story of a Private Investigation,Erika Krouse,"Krouse, Erika",,"=""1250240301""","=""9781250240309""",0,3.76,Flatiron Books,Hardcover,288,2022,2022,,2022/04/15,to-read,to-read (#42),to-read,,,,0,0
35533431,The Broken Girls,Simone St. James,"James, Simone St.",,"=""""","=""""",4,4.06,Berkley,Kindle Edition,336,2018,2018,2022/04/13,2022/03/26,,,read,,,,1,0
45885644,The Sun Down Motel,Simone St. James,"James, Simone St.",,"=""0440000173""","=""9780440000174""",5,4.02,Berkley,Hardcover,327,2020,2020,,2022/03/20,,,read,,,,2,0
58371432,The Book of Cold Cases,Simone St. James,"James, Simone St.",,"=""0440000211""","=""9780440000211""",4,3.78,Berkley,Hardcover,344,2022,2022,2022/03/21,2022/03/20,,,read,,,,1,0
42201100,Three Women,Lisa Taddeo,"Taddeo, Lisa",,"=""1451642296""","=""9781451642292""",4,3.72,Avid Reader Press ,Hardcover,306,2019,2019,2022/03/19,2022/01/10,,,read,,,,1,0
58064046,Gallant,Victoria Schwab,"Schwab, Victoria",Manuel Sumberac,"=""0062835777""","=""9780062835772""",3,3.72,Greenwillow Books,Hardcover,338,2022,2022,2022/03/10,2022/03/05,,,read,,,,1,0
21853621,The Nightingale,Kristin Hannah,"Hannah, Kristin",,"=""0312577222""","=""9780312577223""",0,4.63,St. Martin's Press,Hardcover,564,2015,2015,,2022/03/07,to-read,to-read (#41),to-read,,,,0,0
51933429,The Guest List,Lucy Foley,"Foley, Lucy",,"=""""","=""""",3,3.81,William Morrow,Hardcover,330,2020,2020,2022/03/07,2022/02/28,,,read,,,,1,0
52476830,The Push,Ashley Audrain,"Audrain, Ashley",,"=""1984881663""","=""9781984881663""",5,4.05,Pamela Dorman Books,Hardcover,307,2021,2021,2022/02/21,2021/12/22,,,read,,,,1,0
36337550,The 7 1/2 Deaths of Evelyn Hardcastle,Stuart Turton,"Turton, Stuart",,"=""""","=""""",5,3.81,Sourcebooks Landmark,Hardcover,432,2018,2018,2022/03/06,2022/01/31,god-tier,god-tier (#4),read,,,,1,0
50638223,"The Grimrose Girls (Grimrose Girls, #1)",Laura Pohl,"Pohl, Laura",,"=""1728228875""","=""9781728228877""",0,3.56,Sourcebooks Fire,Paperback,400,2021,2021,,2022/03/06,to-read,to-read (#40),to-read,,,,0,0
58175765,The Paradox Hotel,Rob Hart,"Hart, Rob",,"=""1984820648""","=""9781984820648""",0,3.54,Ballantine Books,Hardcover,336,2022,2022,,2022/03/05,to-read,to-read (#39),to-read,,,,0,0
56898223,A History of Wild Places,Shea Ernshaw,"Ernshaw, Shea",,"=""1982164808""","=""9781982164805""",4,3.93,Atria Books,Hardcover,354,2021,2021,2022/03/04,2021/12/22,,,read,,,,1,0
54860334,"Danger at the Cove (Island Sisters Mystery, #2)",Hannah Dennison,"Dennison, Hannah",,"=""1250194504""","=""9781250194503""",0,3.85,Minotaur Books,Hardcover,304,2021,2021,,2022/03/04,to-read,to-read (#38),to-read,,,,0,0
51168899,"Death at High Tide (Island Sisters Mystery, #1)",Hannah Dennison,"Dennison, Hannah",,"=""1250194482""","=""9781250194480""",0,3.53,Minotaur Books,Hardcover,304,2020,2020,,2022/03/04,to-read,to-read (#37),to-read,,,,0,0
57007818,The Throwback List,Lily  Anderson,"Anderson, Lily",,"=""1368051936""","=""9781368051934""",0,3.27,Hyperion Avenue,Hardcover,400,2021,2021,,2022/03/04,to-read,to-read (#36),to-read,,,,0,0
57693474,"Finlay Donovan Knocks 'Em Dead (Finlay Donovan, #2)",Elle Cosimano,"Cosimano, Elle",,"=""1250242185""","=""9781250242181""",3,3.98,Minotaur Books,Hardcover,357,2022,2022,2022/03/02,2022/02/24,,,read,,,,1,0
4406,East of Eden,John Steinbeck,"Steinbeck, John",,"=""0142000655""","=""9780142000656""",0,4.42,Penguin Books,Paperback,601,2002,1952,,2022/02/24,to-read,to-read (#35),to-read,,,,0,0
2165,The Old Man and the Sea,Ernest Hemingway,"Hemingway, Ernest",,"=""0684830493""","=""9780684830490""",3,3.80,Scribner,Hardcover,96,1996,1952,2022/02/22,2022/01/09,,,read,,,,1,0
55507008,The Fiancée,Kate White,"White, Kate",,"=""0062945416""","=""9780062945419""",4,3.62,Harper Paperbacks,Paperback,357,2021,2021,2022/02/16,2022/02/03,,,read,,,,1,0
56980403,Vespertine,Margaret  Rogerson,"Rogerson, Margaret",,"=""153447711X""","=""9781534477117""",3,4.11,Margaret K. McElderry Books,Hardcover,400,2021,2021,2022/02/08,2022/01/03,,,read,,,,1,0
57693663,Devil House,John Darnielle,"Darnielle, John",,"=""0374212236""","=""9780374212230""",0,3.22,MCD,Hardcover,403,2022,2022,,2022/02/08,to-read,to-read (#34),to-read,,,,0,0
57693168,Reckless Girls,Rachel Hawkins,"Hawkins, Rachel",,"=""1250274257""","=""9781250274250""",5,3.56,St. Martin's Press,Hardcover,320,2022,2022,2022/02/06,2022/01/31,,,read,,,,1,0
55196813,"The Maid (Molly the Maid, #1)",Nita Prose,"Prose, Nita",,"=""""","=""""",4,3.77,Ballantine Books,Hardcover,304,2022,2022,2022/01/30,2022/01/01,,,read,,,,1,0
58293924,"Book of Night (Book of Night, #1)",Holly Black,"Black, Holly",,"=""1250812194""","=""9781250812193""",0,3.54,Tor Books,Hardcover,304,2022,2022,,2022/01/01,to-read,to-read (#25),to-read,,,,0,0
56808509,The Lighthouse Witches,C.J.  Cooke,"Cooke, C.J.",,"=""059333423X""","=""9780593334232""",3,3.94,Berkley,Paperback,350,2021,2021,2022/01/21,2022/01/18,,,read,,,,1,0
32758901,"All Systems Red (The Murderbot Diaries, #1)",Martha Wells,"Wells, Martha",,"=""""","=""""",5,4.15,Tor.com,ebook,144,2017,2017,2022/01/15,2021/12/21,,,read,,,,1,0
57693146,Such a Pretty Smile,Kristi DeMeester,"DeMeester, Kristi",,"=""1250274214""","=""9781250274212""",0,3.37,St. Martin's Press,Hardcover,320,2022,2022,,2022/01/15,to-read,to-read (#32),to-read,,,,0,0
50202953,Piranesi,Susanna Clarke,"Clarke, Susanna",,"=""163557563X""","=""9781635575637""",0,4.23,Bloomsbury,Hardcover,272,2020,2020,,2022/01/15,to-read,to-read (#31),to-read,,,,0,0
41555945,The Sol Majestic,Ferrett Steinmetz,"Steinmetz, Ferrett",,"=""1250168198""","=""9781250168191""",0,3.91,Tor Books,Paperback,384,2019,2019,,2022/01/14,to-read,to-read (#30),to-read,,,,0,0
50892433,One by One,Ruth Ware,"Ware, Ruth",,"=""""","=""""",4,3.73,Scout Press,Hardcover,372,2020,2020,2022/01/13,2022/01/07,,,read,,,,1,0
56084054,We Were Never Here,Andrea Bartz,"Bartz, Andrea",,"=""""","=""""",0,3.50,Ballantine Books,Hardcover,304,2021,2021,,2022/01/10,to-read,to-read (#29),to-read,,,,0,0
42201395,"Sorcery of Thorns (Sorcery of Thorns, #1)",Margaret  Rogerson,"Rogerson, Margaret",,"=""1481497618""","=""9781481497619""",4,4.05,Margaret K. McElderry Books,Hardcover,456,2019,2019,,2021/12/21,2021,2021 (#32),read,,,,1,0
32620332,The Seven Husbands of Evelyn Hugo,Taylor Jenkins Reid,"Reid, Taylor Jenkins",,"=""1501139231""","=""9781501139239""",5,4.42,Atria Books,Hardcover,389,2017,2017,,2021/12/13,"2021, god-tier","2021 (#29), god-tier (#3)",read,,,,1,0
18045891,Sharp Objects,Gillian Flynn,"Flynn, Gillian",,"=""""","=""""",5,4.02,Broadway Paperbacks,Paperback,254,2007,2006,,2021/04/09,"2021, god-tier","2021 (#5), god-tier (#2)",read,,,,1,0
54735151,Near the Bone,Christina Henry,"Henry, Christina",,"=""0593199766""","=""9780593199763""",5,3.72,Berkley,Paperback,321,2021,2021,2021/12/13,2021/12/10,2021,2021 (#6),read,,,,1,0
50623864,The Invisible Life of Addie LaRue,Victoria Schwab,"Schwab, Victoria",,"=""0765387565""","=""9780765387561""",5,4.19,Tor Books,Kindle Edition,448,2020,2020,2022/01/06,2021/08/23,god-tier,god-tier (#1),read,,,,1,0
174948,Phantastes,George MacDonald,"MacDonald, George",,"=""160096401X""","=""9781600964015""",2,3.90,Waking Lion Press,Paperback,212,2006,1858,2022/01/09,2021/12/23,,,read,,,,1,0
35959740,Circe,Madeline Miller,"Miller, Madeline",,"=""0316556343""","=""9780316556347""",0,4.23,"Little, Brown and Company",Hardcover,393,2018,2018,,2022/01/04,to-read,to-read (#28),to-read,,,,0,0
57876868,Things Have Gotten Worse Since We Last Spoke,Eric LaRocca,"LaRocca, Eric",,"=""1951658132""","=""""",0,2.96,Weirdpunk Books,Kindle Edition,120,2021,2021,,2022/01/03,to-read,to-read (#27),to-read,,,,0,0
18693763,Everything I Never Told You,Celeste Ng,"Ng, Celeste",,"=""159420571X""","=""9781594205712""",0,3.84,Penguin Press,Hardcover,297,2014,2014,,2022/01/02,to-read,to-read (#26),to-read,,,,0,0
54860585,Razorblade Tears,S.A. Cosby,"Cosby, S.A.",,"=""""","=""""",3,4.10,Flatiron Books,Hardcover,336,2021,2021,2021/12/31,2021/12/22,2021,2021 (#36),read,,,,1,0
18007535,The Winter People,Jennifer  McMahon,"McMahon, Jennifer",,"=""0385538499""","=""9780385538497""",3,3.82,Doubleday,Hardcover,317,2014,2014,2021/12/31,2021/12/22,,,read,,,,1,0
42815544,Bunny,Mona Awad,"Awad, Mona",,"=""0525559736""","=""9780525559733""",2,3.50,Viking,Hardcover,307,2019,2019,2021/12/26,2021/11/29,2021,2021 (#35),read,,,,1,0
55315487,"The Plot (The Book Series, #1)",Jean Hanff Korelitz,"Korelitz, Jean Hanff",,"=""125079076X""","=""9781250790767""",4,3.82,Celadon Books,Hardcover,320,2021,2021,2021/12/22,2021/12/20,2021,2021 (#34),read,,,,1,0
27869360,Our Last Night,Taylor  Adams,"Adams, Taylor",,"=""""","=""""",0,3.77,"Joffe Books mystery, suspense, thrillers, and romance",Kindle Edition,280,2015,2015,,2021/12/22,to-read,to-read (#24),to-read,,,,0,0
23014041,Eyeshot,Taylor  Adams,"Adams, Taylor",,"=""""","=""""",0,3.92,Joffe Books,Kindle Edition,290,2014,2014,,2021/12/22,to-read,to-read (#23),to-read,,,,0,0
35524932,Stolen Tongues,Felix Blackwell,"Blackwell, Felix",,"=""1533240418""","=""9781533240415""",0,3.84,,Kindle Edition,320,2017,2017,,2021/12/22,to-read,to-read (#22),to-read,,,,0,0
39679076,"House of Salt and Sorrows (Sisters of the Salt, #1)",Erin A. Craig,"Craig, Erin A.",,"=""1984831925""","=""9781984831927""",0,3.91,Delacorte,Hardcover,403,2019,2019,,2021/12/21,2021,2021 (#33),read,,,,1,0
50892287,In a Holidaze,Christina Lauren,"Lauren, Christina",,"=""198212394X""","=""9781982123949""",0,3.70,Gallery Books,Paperback,307,2020,2020,,2021/12/16,to-read,to-read (#21),to-read,,,,0,0
51648276,Drive Your Plow Over the Bones of the Dead,Olga Tokarczuk,"Tokarczuk, Olga","Antonia Lloyd-Jones, Beata Poźniak","=""""","=""""",3,3.95,Penguin Audio,Audible Audio,12,2019,2009,2021/12/16,2021/12/06,2021,2021 (#31),read,,,,1,0
16299,And Then There Were None,Agatha Christie,"Christie, Agatha",,"=""0312330871""","=""9780312330873""",4,4.28,St. Martin's Griffin,Paperback,264,2004,1939,2021/12/15,2021/11/02,2021,2021 (#30),read,,,,1,0
44279110,My Year of Rest and Relaxation,Ottessa Moshfegh,"Moshfegh, Ottessa",,"=""0525522131""","=""9780525522133""",0,3.63,Penguin Books,Paperback,289,2019,2018,,2021/12/14,to-read,to-read (#20),to-read,,,,0,0
1885,Pride and Prejudice,Jane Austen,"Austen, Jane",Anna Quindlen,"=""""","=""""",0,4.29,Modern Library,Paperback,279,2000,1813,,2021/08/23,to-read,to-read (#19),to-read,,,,0,0
43263515,The Monster of Elendhaven,Jennifer Giesbrecht,"Giesbrecht, Jennifer",,"=""125022568X""","=""9781250225689""",3,3.55,Tordotcom,Hardcover,160,2019,2019,,2021/12/13,2021,2021 (#28),read,,,,1,0
41837243,Lock Every Door,Riley Sager,"Sager, Riley",,"=""1524745154""","=""9781524745158""",4,3.90,Dutton,ebook,381,2019,2019,,2021/08/24,2021,2021 (#27),read,,,,1,0
42201431,"The Unhoneymooners (Unhoneymooners, #1)",Christina Lauren,"Lauren, Christina",,"=""""","=""""",4,3.91,Gallery Books,Paperback,432,2019,2019,,2021/04/09,2021,2021 (#26),read,,,,1,0
43352954,This Is How You Lose the Time War,Amal El-Mohtar,"El-Mohtar, Amal",Max Gladstone,"=""""","=""""",3,3.88,Saga Press,Kindle Edition,209,2019,2019,,2021/08/20,2021,2021 (#25),read,,,,1,0
32735037,"An Unkindness of Magicians (The Unseen World, #1)",Kat Howard,"Howard, Kat",,"=""1481451219""","=""9781481451215""",2,3.73,Saga Press,ebook,352,2017,2017,,2021/04/09,2021,2021 (#24),read,,,,1,0
29589074,"Truly, Devious (Truly Devious, #1)",Maureen Johnson,"Johnson, Maureen",,"=""""","=""""",0,3.92,HarperCollins,Hardcover,416,2018,2018,,2021/10/01,2021,2021 (#22),read,,,,1,0
24388326,The Heart Goes Last,Margaret Atwood,"Atwood, Margaret",,"=""0385540353""","=""9780385540353""",3,3.40,Nan A. Talese,Hardcover,320,2015,2013,,2021/04/12,2021,2021 (#21),read,,,,1,0
40097951,The Silent Patient,Alex Michaelides,"Michaelides, Alex",,"=""1250301696""","=""9781250301697""",5,4.18,Celadon Books,Hardcover,336,2019,2019,2021/08/22,2021/08/20,2021,2021 (#20),read,,,,1,0
45714854,The Hunting Wives,May Cobb,"Cobb, May",,"=""0593101138""","=""9780593101131""",3,3.47,Berkley,Hardcover,356,2021,2021,2021/08/26,2021/08/23,2021,2021 (#19),read,,,,1,0
34499221,"To Kill a Kingdom (Hundred Kingdoms, #1)",Alexandra Christo,"Christo, Alexandra",,"=""1250112680""","=""9781250112682""",4,3.73,Feiwel & Friends,Hardcover,344,2018,2018,2021/09/02,2021/08/26,2021,2021 (#18),read,,,,1,0
40597810,Daisy Jones & The Six,Taylor Jenkins Reid,"Reid, Taylor Jenkins",,"=""1524798622""","=""9781524798628""",4,4.21,Ballantine Books,Hardcover,368,2019,2019,2021/09/07,2021/09/02,2021,2021 (#17),read,,,,1,0
55404546,Malibu Rising,Taylor Jenkins Reid,"Reid, Taylor Jenkins",,"=""""","=""""",5,4.04,Ballantine Books,Hardcover,369,2021,2021,2021/09/08,2021/09/07,2021,2021 (#16),read,,,,1,0
54493401,Project Hail Mary,Andy Weir,"Weir, Andy",,"=""0593135202""","=""9780593135204""",5,4.51,Ballantine Books,Hardcover,476,2021,2021,2021/09/16,2021/08/23,2021,2021 (#15),read,,,,1,0
30375706,Things We Lost in the Fire,Mariana Enríquez,"Enríquez, Mariana",,"=""045149511X""","=""9780451495112""",2,4.06,Hogarth,Hardcover,192,2017,2016,2021/09/20,2021/08/20,2021,2021 (#14),read,,,,1,0
45300567,The Maidens,Alex Michaelides,"Michaelides, Alex",,"=""1250304458""","=""9781250304452""",3,3.63,Celadon Books,Hardcover,337,2021,2021,2021/09/22,2021/08/20,2021,2021 (#13),read,,,,1,0
43263680,"Ninth House (Alex Stern, #1)",Leigh Bardugo,"Bardugo, Leigh",,"=""1250313074""","=""9781250313072""",4,4.02,Flatiron Books,Hardcover,461,2019,2019,2021/09/30,2021/09/21,2021,2021 (#12),read,,,,1,0
50833559,Home Before Dark,Riley Sager,"Sager, Riley",,"=""1524745170""","=""9781524745172""",4,4.07,Dutton Books,Hardcover,389,2020,2020,2021/11/02,2021/10/13,2021,2021 (#11),read,,,,1,0
53138099,"Finlay Donovan Is Killing It (Finlay Donovan, #1)",Elle Cosimano,"Cosimano, Elle",,"=""1250241707""","=""9781250241702""",3,4.01,Minotaur Books,Hardcover,355,2021,2021,2021/11/11,2021/11/08,2021,2021 (#10),read,,,,1,0
22125258,Get in Trouble,Kelly Link,"Link, Kelly",,"=""""","=""""",3,3.68,Random House,Hardcover,336,2015,2015,2021/11/27,2021/09/26,2021,2021 (#9),read,,,,1,0
39893545,"The Vanishing Stair (Truly Devious, #2)",Maureen Johnson,"Johnson, Maureen",,"=""0062338080""","=""9780062338082""",4,4.14,Katherine Tegen Books,Hardcover,369,2019,2019,2021/11/28,2021/10/01,2021,2021 (#8),read,,,,1,0
45240918,"The Hand on the Wall (Truly Devious, #3)",Maureen Johnson,"Johnson, Maureen",,"=""0062338110""","=""9780062338112""",4,4.14,Katherine Tegen Books,Hardcover,369,2020,2020,2021/12/04,2021/11/11,2021,2021 (#7),read,,,,1,0
50607901,The Ghost Tree,Christina Henry,"Henry, Christina",,"=""0451492307""","=""9780451492302""",0,3.83,Berkley,Paperback,415,2020,2020,,2021/12/13,to-read,to-read (#18),to-read,,,,0,0
34895950,"The Tea Dragon Society (Tea Dragon, #1)",Kay O'Neill,"O'Neill, Kay",,"=""1620104415""","=""9781620104415""",0,4.35,Oni Press,Hardcover,71,2017,2017,,2021/12/06,to-read,to-read (#17),to-read,,,,0,0
52439531,"The Inheritance Games (The Inheritance Games, #1)",Jennifer Lynn Barnes,"Barnes, Jennifer Lynn",,"=""1368052401""","=""9781368052405""",0,4.15,"Little, Brown Books for Young Readers",Hardcover,386,2020,2020,,2021/12/06,,,read,,,,1,0
36430011,"You (You, #1)",Caroline Kepnes,"Kepnes, Caroline",,"=""1501195433""","=""9781501195433""",0,3.96,Atria/Emily Bestler Books,Paperback,464,2018,2014,,2021/12/06,to-read,to-read (#16),to-read,,,,0,0
44767458,"Dune (Dune, #1)",Frank Herbert,"Herbert, Frank",,"=""059309932X""","=""9780593099322""",0,4.27,Ace,Hardcover,658,2019,1965,,2021/09/30,to-read,to-read (#15),to-read,,,,0,0
45047384,"The House in the Cerulean Sea (Cerulean Chronicles, #1)",T.J. Klune,"Klune, T.J.",,"=""""","=""""",0,4.40,Tor Books,Kindle Edition,394,2020,2020,,2021/09/30,to-read,to-read (#14),to-read,,,,0,0
41957126,Verity,Colleen Hoover,"Hoover, Colleen",,"=""""","=""""",0,4.31,"Hoover Ink, Inc.",Kindle Edition,324,2018,2018,,2021/09/30,to-read,to-read (#13),to-read,,,,0,0
944073,"The Blade Itself (The First Law, #1)",Joe Abercrombie,"Abercrombie, Joe",,"=""0575079797""","=""9780575079793""",0,4.21,Gollancz,Paperback,515,2007,2006,,2021/09/21,to-read,to-read (#12),to-read,,,,0,0
53205888,Under the Whispering Door,T.J. Klune,"Klune, T.J.",,"=""1250217342""","=""9781250217349""",0,4.15,Tor Books,Hardcover,376,2021,2021,,2021/09/20,to-read,to-read (#11),to-read,,,,0,0
30236962,The Historian,Elizabeth Kostova,"Kostova, Elizabeth",,"=""""","=""""",0,3.80," Little, Brown and Company",Kindle Edition,704,2016,2005,,2021/09/20,to-read,to-read (#10),to-read,,,,0,0
13129925,Horrorstör,Grady Hendrix,"Hendrix, Grady",,"=""1594745269""","=""9781594745263""",1,3.66,Quirk Books,Paperback,248,2014,2014,2021/09/16,2021/08/30,,,read,,,,1,0
69136,"The Book of Lost Things (The Book of Lost Things, #1)",John Connolly,"Connolly, John",,"=""0743298853""","=""9780743298858""",0,3.96,Atria Books,Hardcover,339,2006,2006,,2021/09/07,to-read,to-read (#9),to-read,,,,0,0
42080142,The Turn of the Key,Ruth Ware,"Ware, Ruth",,"=""1501188771""","=""9781501188770""",4,3.92,Scout Press,Hardcover,337,2019,2019,,2021/08/20,2021,2021 (#3),read,,,,1,0
6514,The Bell Jar,Sylvia Plath,"Plath, Sylvia",,"=""""","=""""",0,4.06,Harper Perennial Modern Classics,Paperback,294,2006,1963,,2021/08/23,to-read,to-read (#8),to-read,,,,0,0
7604,Lolita,Vladimir Nabokov,"Nabokov, Vladimir",Craig Raine,"=""""","=""""",0,3.88,Penguin,Paperback,368,1995,1955,,2021/08/23,to-read,to-read (#7),to-read,,,,0,0
4667024,The Help,Kathryn Stockett,"Stockett, Kathryn",,"=""0399155341""","=""9780399155345""",0,4.47,G.P. Putnam's Sons,Hardcover,464,2009,2009,,2021/08/23,to-read,to-read (#6),to-read,,,,0,0
5129,Brave New World,Aldous Huxley,"Huxley, Aldous",,"=""0060929871""","=""9780060929879""",0,3.99,HarperPerennial / Perennial Classics,Paperback,268,1998,1932,,2021/08/23,to-read,to-read (#5),to-read,,,,0,0
5107,The Catcher in the Rye,J.D. Salinger,"Salinger, J.D.",,"=""0316769177""","=""9780316769174""",0,3.80,Back Bay Books,Paperback,277,2001,1951,,2021/08/23,to-read,to-read (#4),to-read,,,,0,0
35068705,"The Poppy War (The Poppy War, #1)",R.F. Kuang,"Kuang, R.F.",,"=""0062662597""","=""9780062662590""",0,4.17,Harper Voyager,ebook,545,2018,2018,,2021/08/23,to-read,to-read (#3),to-read,,,,0,0
9361589,The Night Circus,Erin Morgenstern,"Morgenstern, Erin",,"=""""","=""9780385534635""",0,4.01,Doubleday,Hardcover,506,2011,2011,,2021/08/23,to-read,to-read (#2),to-read,,,,0,0
35522836,No Exit,Taylor  Adams,"Adams, Taylor",,"=""1912106760""","=""""",5,4.00,Joffe Books,Kindle Edition,287,2017,2017,,2021/08/22,2021,2021 (#4),read,,,,1,0
28187230,The Woman in Cabin 10,Ruth Ware,"Ware, Ruth",,"=""1501132938""","=""9781501132933""",0,3.73,Scout Press,Hardcover,341,2016,2016,,2021/08/20,2021,2021 (#2),read,,,,1,0
27161156,Hillbilly Elegy: A Memoir of a Family and Culture in Crisis,J.D. Vance,"Vance, J.D.",,"=""0062300547""","=""9780062300546""",5,3.86,Harper,Hardcover,264,2016,2016,,2021/08/20,2021,2021 (#1),read,,,,1,0
13335037,"Divergent (Divergent, #1)",Veronica Roth,"Roth, Veronica",,"=""0062024035""","=""9780062024039""",3,4.14,Katherine Tegen Books,Paperback,487,2012,2011,,2021/04/09,,,read,,,,1,0
40961427,1984,George Orwell,"Orwell, George",,"=""""","=""""",3,4.19,Houghton Mifflin Harcourt,Kindle Edition,298,2013,1949,,2021/04/09,,,read,,,,1,0
41865,"Twilight (The Twilight Saga, #1)",Stephenie Meyer,"Meyer, Stephenie",,"=""0316015849""","=""9780316015844""",2,3.66,"Little, Brown and Company",Paperback,498,2006,2005,,2021/04/09,,,read,,,,1,0
2767052,"The Hunger Games (The Hunger Games, #1)",Suzanne Collins,"Collins, Suzanne",,"=""0439023483""","=""9780439023481""",3,4.34,Scholastic Press,Hardcover,374,2008,2008,,2021/04/09,,,read,,,,1,0
33516773,Big Little Lies,Liane Moriarty,"Moriarty, Liane",,"=""0399587195""","=""9780399587191""",4,4.31,Berkley,Paperback,460,2017,2014,,2021/04/09,,,read,,,,1,0
2429135,"The Girl with the Dragon Tattoo (Millennium, #1)",Stieg Larsson,"Larsson, Stieg",Reg Keeland,"=""0670069019""","=""9780670069019""",4,4.17,Viking Canada,Hardcover,480,2008,2005,,2021/04/09,,,read,,,,1,0
41150487,"Red, White & Royal Blue",Casey McQuiston,"McQuiston, Casey",,"=""""","=""""",0,4.08,St. Martin's Griffin,Paperback,448,2019,2019,,2021/04/09,to-read,to-read (#1),to-read,,,,0,0
22557272,The Girl on the Train,Paula Hawkins,"Hawkins, Paula",,"=""1594633665""","=""9781594633669""",3,3.96,Riverhead Books,Hardcover,336,2015,2015,,2021/04/09,,,read,,,,1,0
19288043,Gone Girl,Gillian Flynn,"Flynn, Gillian",,"=""""","=""""",5,4.14,Broadway Books,Paperback,415,2014,2012,,2021/04/09,,,read,,,,1,0
13496,"A Game of Thrones (A Song of Ice and Fire, #1)",George R.R. Martin,"Martin, George R.R.",,"=""0553588486""","=""9780553588484""",5,4.44,Bantam,Mass Market Paperback,835,2005,1996,,2021/04/09,,,read,,,,1,0
3,"Harry Potter and the Sorcerer's Stone (Harry Potter, #1)",J.K. Rowling,"Rowling, J.K.",,"=""""","=""""",5,4.47,Scholastic Inc,Hardcover,309,2003,1997,,2021/04/09,,,read,,,,1,0
